<?xml version="1.0" encoding="utf-8"?>

<vendor vendor-id="Juniper"                    code="2636"      name="Juniper">
<!-- *********** Last updated 2016-04-14 ************ -->
	<avp name="TDF-Application-Instance-Identifier-Base" code="1100" vendor-bit="must" vendor-id="Juniper">
		<type type-name="UTF8String"/>
	</avp>
	<avp name="Service-Chaining-Information" code="1101" vendor-bit="must" vendor-id="Juniper">
		<type type-name="UTF8String"/>
	</avp>
	<avp name="LRF-Profile-Name" code="1102" vendor-bit="must" vendor-id="Juniper">
		<type type-name="UTF8String"/>
	</avp>
	<avp name="HCM-Profile-Name" code="1103" vendor-bit="must" vendor-id="Juniper">
		<type type-name="UTF8String"/>
	</avp>
	<avp name="Forwarding-Class-Name" code="1104" vendor-bit="must" vendor-id="Juniper">
		<type type-name="UTF8String"/>
	</avp>
	<avp name="Redirect-VRF" code="1105" vendor-bit="must" vendor-id="Juniper">
		<type type-name="UTF8String"/>
	</avp>
	<avp name="Requested-Burstsize-UL" code="1106" vendor-bit="must" vendor-id="Juniper">
		<type type-name="Integer32"/>
	</avp>
	<avp name="Requested-Burstsize-DL" code="1107" vendor-bit="must" vendor-id="Juniper">
		<type type-name="Integer32"/>
	</avp>
	<avp name="Steering-Information" code="1108" vendor-bit="must" vendor-id="Juniper">
		<grouped>
			<gavp name="Steering-Uplink-VRF"/>
			<gavp name="Steering-Downlink-VRF"/>
			<gavp name="Steering-IP-Address"/>
		</grouped>
	</avp>
	<avp name="Steering-Uplink-VRF" code="1109" vendor-bit="must" vendor-id="Juniper">
		<type type-name="UTF8String"/>
	</avp>
	<avp name="Steering-Downlink-VRF" code="1110" vendor-bit="must" vendor-id="Juniper">
		<type type-name="UTF8String"/>
	</avp>
	<avp name="Steering-IP-Address" code="1111" vendor-bit="must" vendor-id="Juniper">
		<type type-name="IPAddress"/>
	</avp>
</vendor>