<?xml version="1.0" encoding="utf-8"?>

<vendor vendor-id="OracleTekelec" code="323" name="Oracle Tekelec">
	<avp name="DSR-ApplicationInvoked" code="2468" vendor-bit="must" vendor-id="OracleTekelec">
		<type type-name="Enumerated"/>
		<enum name="RBAR ID"		code="3"/>
		<enum name="FABR ID"		code="4"/>
		<enum name="CPA ID"		code="5"/>
		<enum name="Policy DRA ID"	code="6"/>
	</avp>
	<avp name="PDRA-Early-Binding" code="2500" vendor-bit="must" vendor-id="OracleTekelec">
		<type type-name="OctetString"/>
	</avp>
	<avp name="Session-Release-Reason" code="2501" vendor-bit="must" vendor-id="OracleTekelec">
		<type type-name="OctetString"/>
	</avp>
	<avp name="MsgCopyAnswer" code="2516" vendor-bit="must" vendor-id="OracleTekelec">
		<grouped>
			<gavp name="Session-Id"/>
			<!-- This grouped AVP holds any AVP -->
		</grouped>
	</avp>
</vendor>
